ID,Name,Link System,Govt,AI Type,Aggression,Coward,Ship Type,Weapon 1,Weapon 2,Weapon 3,Weapon 4,Weap 1 Count,Weap 2 Count,Weap 3 Count,Weap 4 Count,Weap 1 Ammo,Weap 2 Ammo,Weap 3 Ammo,Weap 4 Ammo,Credits,Shield Mod,Hail Pict,Comm Quote,Hail Quote,Link Mission,Flags 1,ActiveOn,Grant Class,Grant Count,Grant Prob,Subtitle,Paint Color,Flags 2
128,Redbeard The Pirate,20000,130,3,4,25,132,132,133,134,131,1,-2,2,1,8,0,0,4,100000,250,-1,1,-1,-1,0x0003,,0,0,0,,0x00000000,0x0000
129,Greenbeard The Pirate,20000,130,3,4,25,132,132,133,134,131,1,-2,2,1,8,0,0,4,100000,250,-1,1,-1,-1,0x0003,,0,0,0,,0x00000000,0x0000
130,Bluebeard The Pirate,20000,130,3,4,25,132,132,146,131,0,1,1,1,0,8,2,4,0,100000,250,-1,1,-1,-1,0x0003,,0,0,0,,0x00000000,0x0000
131,Lars Magna,20000,130,3,4,50,137,-1,-1,-1,-1,0,0,0,0,0,0,0,0,100000,150,-1,2,-1,-1,0x0003,,0,0,0,,0x00000000,0x0000
132,Urdo Jafenaka,20000,130,3,4,50,136,-1,-1,-1,-1,0,0,0,0,0,0,0,0,100000,150,-1,2,-1,-1,0x0003,,0,0,0,,0x00000000,0x0000
133,Dilgar Thiamine,20000,130,3,4,50,136,-1,-1,-1,-1,0,0,0,0,0,0,0,0,100000,150,-1,3,-1,-1,0x0003,,0,0,0,,0x00000000,0x0000
134,Richard The Scourge,20000,130,3,4,75,137,131,128,130,-1,1,-4,4,0,4,0,0,0,100000,150,-1,3,-1,-1,0x0003,,0,0,0,,0x00000000,0x0000
135,Drake Headstone,20000,130,3,4,50,137,131,128,130,-1,1,-4,4,0,4,0,0,0,100000,150,-1,3,-1,-1,0x0003,,0,0,0,,0x00000000,0x0000
136,U.S.S. Saratoga,25001,128,3,2,30,134,145,-1,-1,-1,1,0,0,0,2,0,0,0,0,125,-1,-1,4,-1,0x000B,,0,0,0,,0x00000000,0x0000
137,U.S.S. Lexington,25001,128,3,2,30,134,145,-1,-1,-1,1,0,0,0,2,0,0,0,0,125,-1,-1,4,-1,0x000B,,0,0,0,,0x00000000,0x0000
138,U.S.S. Yorktown,25001,128,3,2,30,134,145,-1,-1,-1,1,0,0,0,2,0,0,0,0,125,-1,-1,3,-1,0x000B,,0,0,0,,0x00000000,0x0000
139,U.S.S. Constellation,25001,128,3,2,30,134,145,-1,-1,-1,1,0,0,0,2,0,0,0,0,125,-1,-1,4,-1,0x000B,,0,0,0,,0x00000000,0x0000
140,U.S.S. Constitution,25001,128,3,2,30,134,145,-1,-1,-1,1,0,0,0,2,0,0,0,0,125,-1,-1,3,-1,0x000B,,0,0,0,,0x00000000,0x0000
141,U.S.S. Excelsior,25001,128,3,2,30,134,145,-1,-1,-1,1,0,0,0,2,0,0,0,0,125,-1,-1,4,-1,0x000B,,0,0,0,,0x00000000,0x0000
142,U.S.S. Intrepid,25001,128,3,4,30,133,-1,-1,-1,-1,0,0,0,0,0,0,0,0,0,150,-1,6,3,-1,0x000B,,0,0,0,,0x00000000,0x0000
143,U.S.S. Exeter,25001,128,3,4,30,133,-1,-1,-1,-1,0,0,0,0,0,0,0,0,0,150,-1,-1,4,-1,0x000B,,0,0,0,,0x00000000,0x0000
144,U.S.S. Farragut,25001,128,3,4,30,133,-1,-1,-1,-1,0,0,0,0,0,0,0,0,0,150,-1,6,3,-1,0x000B,,0,0,0,,0x00000000,0x0000
145,U.S.S. Endeavour,25001,128,3,4,30,133,-1,-1,-1,-1,0,0,0,0,0,0,0,0,0,150,-1,-1,4,-1,0x000B,,0,0,0,,0x00000000,0x0000
146,U.S.S. Steadfast,25001,128,3,4,30,133,-1,-1,-1,-1,0,0,0,0,0,0,0,0,0,150,-1,6,3,-1,0x000B,,0,0,0,,0x00000000,0x0000
147,U.S.S. Reliant,25001,128,3,4,30,133,-1,-1,-1,-1,0,0,0,0,0,0,0,0,0,150,-1,-1,3,-1,0x000B,,0,0,0,,0x00000000,0x0000
148,U.S.S. Essex,25001,128,3,4,30,133,-1,-1,-1,-1,0,0,0,0,0,0,0,0,0,150,-1,6,4,-1,0x000B,,0,0,0,,0x00000000,0x0000
149,U.S.S. Ticonderoga,25001,128,3,4,30,133,-1,-1,-1,-1,0,0,0,0,0,0,0,0,0,150,-1,-1,3,-1,0x0008,,0,0,0,,0x00000000,0x0000
150,U.S.S. Furious,25001,128,3,4,30,133,-1,-1,-1,-1,0,0,0,0,0,0,0,0,0,150,-1,6,4,-1,0x0008,,0,0,0,,0x00000000,0x0000
151,U.S.S. Hercules,25001,128,3,4,30,133,-1,-1,-1,-1,0,0,0,0,0,0,0,0,0,150,-1,-1,3,-1,0x0008,,0,0,0,,0x00000000,0x0000
152,R.S.S. Avenger,25000,129,3,4,1,142,137,-1,-1,-1,0,0,0,0,2,0,0,0,0,150,-1,-1,5,-1,0x000C,,0,0,0,,0x00000000,0x0000
153,R.S.S. Defiant,25000,129,3,4,1,142,137,-1,-1,-1,0,0,0,0,2,0,0,0,0,150,-1,-1,6,-1,0x000C,,0,0,0,,0x00000000,0x0000
154,R.S.S. Victory,25000,129,3,4,1,142,137,-1,-1,-1,0,0,0,0,2,0,0,0,0,150,-1,-1,6,-1,0x000C,,0,0,0,,0x00000000,0x0000
155,R.S.S. Republic,25000,129,3,4,1,142,137,-1,-1,-1,0,0,0,0,2,0,0,0,0,150,-1,-1,5,-1,0x000C,,0,0,0,,0x00000000,0x0000
156,R.S.S. Challenger,25000,129,3,4,1,142,137,-1,-1,-1,0,0,0,0,2,0,0,0,0,150,-1,-1,6,-1,0x000C,,0,0,0,,0x00000000,0x0000
157,R.S.S. Relentless,25000,129,3,4,1,142,137,-1,-1,-1,0,0,0,0,2,0,0,0,0,150,-1,-1,5,-1,0x000C,,0,0,0,,0x00000000,0x0000
158,R.S.S. Sovereign,25000,129,3,4,1,142,137,-1,-1,-1,0,0,0,0,2,0,0,0,0,150,-1,-1,6,-1,0x000C,,0,0,0,,0x00000000,0x0000
159,R.S.S. Fearless,25000,129,3,4,1,142,137,-1,-1,-1,0,0,0,0,2,0,0,0,0,150,-1,-1,5,-1,0x000C,,0,0,0,,0x00000000,0x0000
160,R.S.S. Striker,25000,129,3,4,1,141,135,-1,-1,-1,4,0,0,0,0,0,0,0,0,150,-1,5,6,-1,0x000C,,0,0,0,,0x00000000,0x0000
161,R.S.S. Phantom,25000,129,3,4,1,141,135,-1,-1,-1,4,0,0,0,0,0,0,0,0,150,-1,-1,5,-1,0x000C,,0,0,0,,0x00000000,0x0000
162,R.S.S. Swiftsure,25000,129,3,4,1,141,135,-1,-1,-1,4,0,0,0,0,0,0,0,0,150,-1,5,6,-1,0x000C,,0,0,0,,0x00000000,0x0000
163,R.S.S. Coventry,25000,129,3,4,1,141,135,-1,-1,-1,4,0,0,0,0,0,0,0,0,150,-1,-1,5,-1,0x000C,,0,0,0,,0x00000000,0x0000
164,R.S.S. Scimitar,25000,129,3,4,1,141,135,-1,-1,-1,4,0,0,0,0,0,0,0,0,150,-1,5,6,-1,0x000C,,0,0,0,,0x00000000,0x0000
165,R.S.S. Hood,25000,129,3,4,1,141,135,-1,-1,-1,4,0,0,0,0,0,0,0,0,150,-1,-1,5,-1,0x000C,,0,0,0,,0x00000000,0x0000
166,R.S.S. Valiant,25000,129,3,4,1,141,135,-1,-1,-1,4,0,0,0,0,0,0,0,0,150,-1,5,6,-1,0x000C,,0,0,0,,0x00000000,0x0000
167,R.S.S. Bounty,25000,129,3,4,1,141,135,-1,-1,-1,4,0,0,0,0,0,0,0,0,150,-1,-1,5,-1,0x000C,,0,0,0,,0x00000000,0x0000
168,R.S.S. Eagle,25000,129,3,4,1,141,135,-1,-1,-1,4,0,0,0,0,0,0,0,0,150,-1,5,6,-1,0x000C,,0,0,0,,0x00000000,0x0000
169,R.S.S. Wasp,25000,129,3,4,1,141,135,-1,-1,-1,4,0,0,0,0,0,0,0,0,150,-1,-1,5,-1,0x000C,,0,0,0,,0x00000000,0x0000
170,R.S.S. Insurgent,25000,129,3,4,1,141,135,-1,-1,-1,4,0,0,0,0,0,0,0,0,150,-1,5,6,-1,0x000C,,0,0,0,,0x00000000,0x0000
171,R.S.S. Courageous,25000,129,3,4,1,141,135,-1,-1,-1,4,0,0,0,0,0,0,0,0,150,-1,-1,5,-1,0x000C,,0,0,0,,0x00000000,0x0000
172,R.S.S. Vigilant,25000,129,3,4,1,141,135,-1,-1,-1,4,0,0,0,0,0,0,0,0,150,-1,5,5,-1,0x000C,,0,0,0,,0x00000000,0x0000
173,R.S.S. Phoenix,25000,129,3,4,1,141,135,-1,-1,-1,4,0,0,0,0,0,0,0,0,150,-1,-1,6,-1,0x000C,,0,0,0,,0x00000000,0x0000
174,R.S.S. Reprisal,25000,129,3,4,1,141,135,-1,-1,-1,4,0,0,0,0,0,0,0,0,150,-1,5,5,-1,0x000C,,0,0,0,,0x00000000,0x0000
175,Vermooten The Evil,20000,130,3,4,75,137,131,128,130,-1,1,-4,4,0,4,0,0,0,100000,150,-1,-1,-1,-1,0x0003,,0,0,0,,0x00000000,0x0000
176,Nostromo,20000,130,3,4,25,143,138,-1,-1,-1,0,0,0,0,1,0,0,0,250000,150,-1,1,7,-1,0x0013,,0,0,0,,0x00000000,0x0000
177,Jolly Roger,20000,130,3,4,25,143,138,-1,-1,-1,0,0,0,0,1,0,0,0,250000,150,-1,2,8,-1,0x0013,,0,0,0,,0x00000000,0x0000
178,Anaconda,20000,130,3,4,25,143,138,-1,-1,-1,0,0,0,0,1,0,0,0,250000,150,-1,3,9,-1,0x0013,,0,0,0,,0x00000000,0x0000
179,Star Vixen,20000,130,3,4,25,143,138,-1,-1,-1,0,0,0,0,1,0,0,0,250000,150,-1,1,7,-1,0x0013,,0,0,0,,0x00000000,0x0000
180,Arvid Fusin,-1,136,3,4,10,132,130,132,-1,-1,4,1,-1,-1,0,4,-1,-1,15000,120,-1,-1,-1,-1,0x0003,,0,0,0,,0x00000000,0x0000
181,Brek Veronar,-1,136,3,4,10,132,130,132,-1,-1,4,1,-1,-1,0,4,-1,-1,15000,120,-1,-1,-1,-1,0x0003,,0,0,0,,0x00000000,0x0000
182,Gorro Panavia,-1,136,3,4,10,132,130,132,-1,-1,4,1,-1,-1,0,4,-1,-1,15000,120,-1,-1,-1,-1,0x0003,,0,0,0,,0x00000000,0x0000
183,"""Cajun"" David Richard",-1,136,3,4,10,132,130,132,146,-1,4,1,1,-1,0,4,2,-1,25000,120,-1,9,-1,-1,0x0003,,0,0,0,,0x00000000,0x0000
184,Andrew Welch,-1,136,3,4,10,140,134,131,132,141,4,2,2,1,-1,50,50,999,250000,1000,-1,7,-1,-1,0x0003,,0,0,0,,0x00000000,0x0000
185,John Gauch,-1,136,3,4,10,132,130,132,146,-1,4,1,1,-1,0,4,2,-1,25000,120,-1,-1,-1,-1,0x0003,,0,0,0,,0x00000000,0x0000
186,Gayle Haarr,-1,136,3,4,10,132,130,132,146,-1,4,1,1,-1,0,4,2,-1,25000,120,-1,10,-1,-1,0x0003,,0,0,0,,0x00000000,0x0000
187,Gregor Misovich,-1,136,3,4,10,132,130,132,-1,-1,4,1,-1,-1,0,4,-1,-1,15000,120,-1,-1,-1,-1,0x0003,,0,0,0,,0x00000000,0x0000
188,Dravar Wedef,-1,136,3,4,10,132,130,132,-1,-1,4,1,-1,-1,0,4,-1,-1,15000,120,-1,-1,-1,-1,0x0003,,0,0,0,,0x00000000,0x0000
189,Milack Talia,-1,136,3,4,10,132,130,132,-1,-1,4,1,-1,-1,0,4,-1,-1,15000,120,-1,-1,-1,-1,0x0003,,0,0,0,,0x00000000,0x0000
190,Jason Jones,-1,136,3,4,10,132,130,132,-1,-1,4,1,-1,-1,0,4,-1,-1,15000,120,-1,-1,-1,-1,0x0003,,0,0,0,,0x00000000,0x0000
191,Jeff Henken,-1,136,3,4,10,132,130,132,-1,-1,4,1,-1,-1,0,4,-1,-1,15000,126,-1,13,-1,-1,0x0003,,0,0,0,,0x00000000,0x0000
192,Raef LaFrentz,-1,136,3,4,10,132,130,132,-1,-1,4,1,-1,-1,0,4,-1,-1,15000,120,-1,-1,-1,-1,0x0003,,0,0,0,,0x00000000,0x0000
193,Jacque Vaughn,-1,136,3,4,10,132,130,132,-1,-1,4,1,-1,-1,0,4,-1,-1,15000,120,-1,-1,-1,-1,0x0003,,0,0,0,,0x00000000,0x0000
194,S.S. Goldstar,-1,136,1,4,10,129,133,134,-1,-1,-1,1,-1,-1,0,0,-1,-1,3000,120,-1,-1,1,-1,0x808B,,0,0,0,,0x00000000,0x0000
195,S.S. Wanderer,-1,136,1,4,10,129,133,134,-1,-1,-1,1,-1,-1,0,0,-1,-1,3000,120,-1,-1,2,-1,0x808B,,0,0,0,,0x00000000,0x0000
196,S.S. Colombus,-1,136,1,4,10,129,133,134,-1,-1,-1,1,-1,-1,0,0,-1,-1,3000,120,-1,-1,2,-1,0x808B,,0,0,0,,0x00000000,0x0000
197,S.S. Vespucci,-1,136,1,4,10,129,133,134,-1,-1,-1,1,-1,-1,0,0,-1,-1,3000,120,-1,-1,1,-1,0x808B,,0,0,0,,0x00000000,0x0000
198,S.S. De Gama,-1,136,1,4,10,129,133,134,-1,-1,-1,1,-1,-1,0,0,-1,-1,3000,120,-1,-1,2,-1,0x808B,,0,0,0,,0x00000000,0x0000
199,S.S. Magellan,-1,136,1,4,10,129,133,134,-1,-1,-1,1,-1,-1,0,0,-1,-1,3000,120,-1,-1,1,-1,0x808B,,0,0,0,,0x00000000,0x0000
200,S.S. Sparrow,-1,136,1,4,10,129,133,134,-1,-1,-1,1,-1,-1,0,0,-1,-1,3000,120,-1,-1,2,-1,0x808B,,0,0,0,,0x00000000,0x0000
201,S.S. Cabot,-1,136,1,4,10,129,133,134,-1,-1,-1,1,-1,-1,0,0,-1,-1,3000,120,-1,-1,1,-1,0x808B,,0,0,0,,0x00000000,0x0000
202,S.S. Drake,-1,136,1,4,10,129,133,134,-1,-1,-1,1,-1,-1,0,0,-1,-1,3000,120,-1,-1,2,-1,0x808B,,0,0,0,,0x00000000,0x0000
203,S.S. Cook,-1,136,1,4,10,129,133,134,-1,-1,-1,1,-1,-1,0,0,-1,-1,3000,120,-1,-1,1,-1,0x808B,,0,0,0,,0x00000000,0x0000
204,S.S. Coronado,-1,136,1,4,10,129,133,134,-1,-1,-1,1,-1,-1,0,0,-1,-1,3000,120,-1,-1,2,-1,0x808B,,0,0,0,,0x00000000,0x0000
205,S.S. Cortez,-1,136,1,4,10,129,133,134,-1,-1,-1,1,-1,-1,0,0,-1,-1,3000,120,-1,-1,1,-1,0x808B,,0,0,0,,0x00000000,0x0000
206,S.S. Pizarro,-1,136,1,4,10,129,133,134,-1,-1,-1,1,-1,-1,0,0,-1,-1,3000,120,-1,-1,2,-1,0x808B,,0,0,0,,0x00000000,0x0000
207,S.S. Velasquez,-1,136,1,4,10,129,133,134,-1,-1,-1,1,-1,-1,0,0,-1,-1,3000,120,-1,-1,1,-1,0x808B,,0,0,0,,0x00000000,0x0000
208,S.S. Hawking,-1,136,1,4,10,129,133,134,-1,-1,-1,1,-1,-1,0,0,-1,-1,3000,120,-1,-1,2,-1,0x808B,,0,0,0,,0x00000000,0x0000
209,S.S. Grissom,-1,136,1,4,10,129,133,134,-1,-1,-1,1,-1,-1,0,0,-1,-1,3000,120,-1,-1,1,-1,0x808B,,0,0,0,,0x00000000,0x0000
210,S.S. Kepler,-1,136,1,4,10,129,133,134,-1,-1,-1,1,-1,-1,0,0,-1,-1,3000,120,-1,-1,2,-1,0x808B,,0,0,0,,0x00000000,0x0000
211,S.S. Burgstahler,-1,136,1,4,10,129,-1,-1,-1,-1,0,0,0,0,0,0,-1,-1,3000,1,-1,12,1,-1,0x808B,,0,0,0,,0x00000000,0x0000
212,S.S. Oppenheimer,-1,136,1,4,10,129,-1,-1,-1,-1,0,0,0,0,0,0,-1,-1,3000,1,-1,-1,2,-1,0x808B,,0,0,0,,0x00000000,0x0000
213,S.S. Tycho Brahe,-1,136,1,4,10,129,-1,-1,-1,-1,0,0,0,0,0,0,-1,-1,3000,1,-1,-1,1,-1,0x808B,,0,0,0,,0x00000000,0x0000
214,S.S. Lovell,-1,136,1,4,10,129,-1,-1,-1,-1,0,0,0,0,0,0,-1,-1,3000,1,-1,-1,2,-1,0x808B,,0,0,0,,0x00000000,0x0000
215,S.S. Jericho,-1,136,1,4,10,129,-1,-1,-1,-1,0,0,0,0,0,0,-1,-1,3000,1,-1,-1,1,-1,0x808B,,0,0,0,,0x00000000,0x0000
216,S.S. Weber,-1,136,1,4,10,129,-1,-1,-1,-1,0,0,0,0,0,0,-1,-1,3000,1,-1,-1,2,-1,0x808B,,0,0,0,,0x00000000,0x0000
217,S.S. Bozeman,-1,136,1,4,10,129,-1,-1,-1,-1,0,0,0,0,0,0,-1,-1,3000,1,-1,-1,1,-1,0x808B,,0,0,0,,0x00000000,0x0000
218,S.S. Nomad,-1,136,1,4,10,129,-1,-1,-1,-1,0,0,0,0,0,0,-1,-1,3000,1,-1,-1,2,-1,0x808B,,0,0,0,,0x00000000,0x0000
219,Matt Burch,-1,136,3,1,1,143,133,130,139,138,-2,-4,8,1,0,0,8000,4,42000000,10000,-1,11,23,-1,0x0013,,0,0,0,,0x00000000,0x0000
220,Zeus Faber,20000,-1,3,4,10,143,138,-1,-1,-1,0,0,0,0,1,0,0,0,250000,150,-1,4,-1,-1,0x0003,,0,0,0,,0x00000000,0x0000
221,Hawkeye,20000,-1,3,4,10,143,138,-1,-1,-1,0,0,0,0,1,0,0,0,250000,150,-1,4,-1,-1,0x0003,,0,0,0,,0x00000000,0x0000
222,Skipjack,20000,-1,3,4,10,143,138,-1,-1,-1,0,0,0,0,1,0,0,0,250000,150,-1,4,-1,-1,0x0003,,0,0,0,,0x00000000,0x0000
223,Ruby Fulcrum,20000,-1,3,4,10,143,138,-1,-1,-1,0,0,0,0,1,0,0,0,250000,150,-1,4,-1,-1,0x0003,,0,0,0,,0x00000000,0x0000
224,Space Derelict,20000,141,1,0,0,132,-1,-1,-1,-1,0,0,0,0,0,0,0,0,25000,100,-1,-1,-1,-1,0x0000,,0,0,0,,0x00000000,0x0000
225,Space Derelict,20000,141,1,0,0,132,-1,-1,-1,-1,0,0,0,0,0,0,0,0,25000,100,-1,-1,-1,-1,0x0000,,0,0,0,,0x00000000,0x0000
226,Space Derelict,20000,141,1,0,0,132,-1,-1,-1,-1,0,0,0,0,0,0,0,0,25000,100,-1,-1,-1,-1,0x0000,,0,0,0,,0x00000000,0x0000
227,Space Derelict,20000,141,1,0,0,146,-1,-1,-1,-1,0,0,0,0,0,0,0,0,25000,100,-1,-1,-1,-1,0x0000,,0,0,0,,0x00000000,0x0000
228,Space Derelict,20000,141,1,0,0,129,-1,-1,-1,-1,0,0,0,0,0,0,0,0,25000,100,-1,-1,-1,-1,0x0000,,0,0,0,,0x00000000,0x0000
229,Space Derelict,20000,141,1,0,0,129,-1,-1,-1,-1,0,0,0,0,0,0,0,0,25000,100,-1,-1,-1,-1,0x0000,,0,0,0,,0x00000000,0x0000
230,Space Derelict,20000,141,1,0,0,131,-1,-1,-1,-1,0,0,0,0,0,0,0,0,25000,100,-1,-1,-1,-1,0x0000,,0,0,0,,0x00000000,0x0000
231,Space Derelict,20000,141,1,0,0,131,-1,-1,-1,-1,0,0,0,0,0,0,0,0,25000,100,-1,-1,-1,-1,0x0000,,0,0,0,,0x00000000,0x0000
232,Space Derelict,20000,141,1,0,0,131,-1,-1,-1,-1,0,0,0,0,0,0,0,0,25000,100,-1,-1,-1,-1,0x0000,,0,0,0,,0x00000000,0x0000
233,Space Derelict,20000,141,1,0,0,143,-1,-1,-1,-1,0,0,0,0,0,0,0,0,25000,100,-1,-1,-1,-1,0x0000,,0,0,0,,0x00000000,0x0000
234,U.S.S. Chimera,25001,128,3,2,30,134,145,142,-1,-1,1,1,0,0,2,0,0,0,0,125,42,-1,10,-1,0x0011,,0,0,0,,0x00000000,0x0000
235,U.S.S. Devastator,25001,128,3,2,30,134,145,142,-1,-1,1,1,0,0,2,0,0,0,0,125,42,-1,11,-1,0x0011,,0,0,0,,0x00000000,0x0000
236,U.S.S. Executor,25001,128,3,2,30,134,145,142,-1,-1,1,1,0,0,2,0,0,0,0,125,42,-1,10,-1,0x0011,,0,0,0,,0x00000000,0x0000
237,U.S.S. Reaper,25001,128,3,2,30,134,145,142,-1,-1,1,1,0,0,2,0,0,0,0,125,42,-1,11,-1,0x0011,,0,0,0,,0x00000000,0x0000
238,U.S.S. Agamemnon,25001,128,3,2,30,134,145,142,-1,-1,1,1,0,0,2,0,0,0,0,125,42,-1,10,-1,0x0011,,0,0,0,,0x00000000,0x0000
239,U.S.S. Inquisitor,25001,128,3,2,30,134,145,142,-1,-1,1,1,0,0,2,0,0,0,0,125,42,-1,11,-1,0x0011,,0,0,0,,0x00000000,0x0000
240,U.S.S. Alexander,25001,128,3,2,30,134,145,142,-1,-1,1,1,0,0,2,0,0,0,0,125,42,-1,10,-1,0x0011,,0,0,0,,0x00000000,0x0000
241,U.S.S. Dominator,25001,128,3,2,30,134,145,142,-1,-1,1,1,0,0,2,0,0,0,0,125,42,-1,11,-1,0x0011,,0,0,0,,0x00000000,0x0000
242,Piper Maru,20000,141,1,0,0,132,-1,-1,-1,-1,0,0,0,0,0,0,0,0,25000,100,-1,-1,12,195,0x0320,,0,0,0,,0x00000000,0x0000
243,Empress Stardust,20000,141,1,0,0,132,-1,-1,-1,-1,0,0,0,0,0,0,0,0,25000,100,-1,-1,13,196,0x0320,,0,0,0,,0x00000000,0x0000
244,S.S. Tamerlane,20000,141,1,0,0,129,-1,-1,-1,-1,0,0,0,0,0,0,0,0,25000,100,-1,-1,14,195,0x03A0,,0,0,0,,0x00000000,0x0000
245,S.S. McCollum,20000,141,1,0,0,129,-1,-1,-1,-1,0,0,0,0,0,0,0,0,25000,100,-1,-1,15,196,0x03A0,,0,0,0,,0x00000000,0x0000
246,S.S. Clayton,20000,141,1,0,0,131,-1,-1,-1,-1,0,0,0,0,0,0,0,0,25000,100,-1,-1,16,195,0x03A0,,0,0,0,,0x00000000,0x0000
247,S.S. Forrester,20000,141,1,0,0,131,-1,-1,-1,-1,0,0,0,0,0,0,0,0,25000,100,-1,-1,17,196,0x03A0,,0,0,0,,0x00000000,0x0000
248,S.S. Darius,-1,136,1,4,10,129,133,134,-1,-1,-1,1,-1,-1,0,0,-1,-1,3000,120,-1,-1,18,197,0x4C8B,,0,0,0,,0x00000000,0x0000
249,S.S. Xeres,-1,136,1,4,10,129,133,134,-1,-1,-1,1,-1,-1,0,0,-1,-1,3000,120,-1,-1,18,197,0x4C8B,,0,0,0,,0x00000000,0x0000
250,S.S. Molock,-1,136,1,4,10,129,133,134,-1,-1,-1,1,-1,-1,0,0,-1,-1,3000,120,-1,-1,18,197,0x4C8B,,0,0,0,,0x00000000,0x0000
251,S.S. Hathor,-1,136,1,4,10,129,133,134,-1,-1,-1,1,-1,-1,0,0,-1,-1,3000,120,-1,-1,18,197,0x4C8B,,0,0,0,,0x00000000,0x0000
252,S.S. Bradley,-1,136,1,4,10,129,133,134,-1,-1,-1,1,-1,-1,0,0,-1,-1,3000,120,-1,-1,18,197,0x4C8B,,0,0,0,,0x00000000,0x0000
253,S.S. Cochrane,-1,136,1,4,10,129,133,134,-1,-1,-1,1,-1,-1,0,0,-1,-1,3000,120,-1,-1,18,197,0x4C8B,,0,0,0,,0x00000000,0x0000
254,S.S. Lysander,-1,136,1,4,10,129,133,134,-1,-1,-1,1,-1,-1,0,0,-1,-1,3000,120,-1,-1,18,197,0x4C8B,,0,0,0,,0x00000000,0x0000
255,S.S. Eichman,-1,136,1,4,10,129,133,134,-1,-1,-1,1,-1,-1,0,0,-1,-1,3000,120,-1,-1,18,197,0x4C8B,,0,0,0,,0x00000000,0x0000
256,S.S. Claxton,-1,136,1,4,10,129,133,134,-1,-1,-1,1,-1,-1,0,0,-1,-1,3000,120,-1,-1,18,197,0x4C8B,,0,0,0,,0x00000000,0x0000
257,S.S. Bowie,-1,136,1,4,10,129,133,134,-1,-1,-1,1,-1,-1,0,0,-1,-1,3000,120,-1,-1,18,197,0x4C8B,,0,0,0,,0x00000000,0x0000
258,S.S. Laurel,-1,136,1,4,10,129,133,134,-1,-1,-1,1,-1,-1,0,0,-1,-1,3000,120,-1,-1,19,198,0x4C8B,,0,0,0,,0x00000000,0x0000
259,S.S. Turkana,-1,136,1,4,10,129,133,134,-1,-1,-1,1,-1,-1,0,0,-1,-1,3000,120,-1,-1,19,198,0x4C8B,,0,0,0,,0x00000000,0x0000
260,S.S. Socorro,-1,136,1,4,10,129,133,134,-1,-1,-1,1,-1,-1,0,0,-1,-1,3000,120,-1,-1,19,198,0x4C8B,,0,0,0,,0x00000000,0x0000
261,S.S. Ashanti,-1,136,1,4,10,129,133,134,-1,-1,-1,1,-1,-1,0,0,-1,-1,3000,120,-1,-1,19,198,0x4C8B,,0,0,0,,0x00000000,0x0000
262,S.S. Houston,-1,136,1,4,10,129,133,134,-1,-1,-1,1,-1,-1,0,0,-1,-1,3000,120,-1,-1,19,198,0x4C8B,,0,0,0,,0x00000000,0x0000
263,S.S. Wilder,-1,136,1,4,10,129,133,134,-1,-1,-1,1,-1,-1,0,0,-1,-1,3000,120,-1,-1,19,198,0x4C8B,,0,0,0,,0x00000000,0x0000
264,S.S. Beagle,-1,136,1,4,10,129,133,134,-1,-1,-1,1,-1,-1,0,0,-1,-1,3000,120,-1,-1,19,198,0x4C8B,,0,0,0,,0x00000000,0x0000
265,S.S. Boyd,-1,136,1,4,10,129,133,134,-1,-1,-1,1,-1,-1,0,0,-1,-1,3000,120,-1,-1,19,198,0x4C8B,,0,0,0,,0x00000000,0x0000
266,S.S. Gillian,-1,136,1,4,10,129,133,134,-1,-1,-1,1,-1,-1,0,0,-1,-1,3000,120,-1,-1,19,198,0x4C8B,,0,0,0,,0x00000000,0x0000
267,S.S. Anderson,-1,136,1,4,10,129,133,134,-1,-1,-1,1,-1,-1,0,0,-1,-1,3000,120,-1,-1,19,198,0x4C8B,,0,0,0,,0x00000000,0x0000
268,S.S. Duchovny,-1,136,1,4,10,129,133,134,-1,-1,-1,1,-1,-1,0,0,-1,-1,3000,120,-1,-1,19,198,0x4C8B,,0,0,0,,0x00000000,0x0000
269,S.S. Sharpley,-1,136,1,4,10,129,133,134,-1,-1,-1,1,-1,-1,0,0,-1,-1,3000,120,-1,-1,19,198,0x4C8B,,0,0,0,,0x00000000,0x0000
270,S.S. Douglas,-1,136,1,4,10,129,133,134,-1,-1,-1,1,-1,-1,0,0,-1,-1,3000,120,-1,-1,19,198,0x4C8B,,0,0,0,,0x00000000,0x0000
271,S.S. Merritt,-1,136,1,4,10,129,133,134,-1,-1,-1,1,-1,-1,0,0,-1,-1,3000,120,-1,-1,19,198,0x4C8B,,0,0,0,,0x00000000,0x0000
272,S.S. Barclay,-1,136,1,4,10,129,133,134,-1,-1,-1,1,-1,-1,0,0,-1,-1,3000,120,-1,-1,19,198,0x4C8B,,0,0,0,,0x00000000,0x0000
273,S.S. Melbourne,-1,136,1,4,10,129,133,134,-1,-1,-1,1,-1,-1,0,0,-1,-1,3000,120,-1,-1,19,198,0x4C8B,,0,0,0,,0x00000000,0x0000
274,S.S. Leonov,-1,136,1,4,10,129,133,134,-1,-1,-1,1,-1,-1,0,0,-1,-1,3000,120,-1,-1,19,198,0x4C8B,,0,0,0,,0x00000000,0x0000
275,S.S. Shepard,-1,136,1,4,10,129,133,134,-1,-1,-1,1,-1,-1,0,0,-1,-1,3000,120,-1,-1,19,198,0x4C8B,,0,0,0,,0x00000000,0x0000
276,S.S. Grissom,-1,136,1,4,10,129,133,134,-1,-1,-1,1,-1,-1,0,0,-1,-1,3000,120,-1,-1,19,198,0x4C8B,,0,0,0,,0x00000000,0x0000
277,S.S. Hawley,-1,136,1,4,10,129,133,134,-1,-1,-1,1,-1,-1,0,0,-1,-1,3000,120,-1,-1,19,198,0x4C8B,,0,0,0,,0x00000000,0x0000
278,Merchant Courier,-1,136,1,4,10,131,-1,-1,-1,-1,-1,1,-1,-1,0,0,-1,-1,3000,100,-1,-1,20,199,0x14CA,,0,0,0,,0x00000000,0x0000
279,Merchant Courier,-1,136,1,4,10,131,-1,-1,-1,-1,-1,1,-1,-1,0,0,-1,-1,3000,100,-1,-1,20,199,0x14CA,,0,0,0,,0x00000000,0x0000
280,Merchant Courier,-1,136,1,4,10,131,-1,-1,-1,-1,-1,1,-1,-1,0,0,-1,-1,3000,100,-1,-1,20,199,0x14CA,,0,0,0,,0x00000000,0x0000
281,Merchant Courier,-1,136,1,4,10,131,-1,-1,-1,-1,-1,1,-1,-1,0,0,-1,-1,3000,100,-1,-1,20,199,0x14CA,,0,0,0,,0x00000000,0x0000
282,Merchant Courier,-1,136,1,4,10,131,-1,-1,-1,-1,-1,1,-1,-1,0,0,-1,-1,3000,100,-1,-1,20,199,0x14CA,,0,0,0,,0x00000000,0x0000
283,Merchant Courier,-1,136,1,4,10,131,-1,-1,-1,-1,-1,1,-1,-1,0,0,-1,-1,3000,100,-1,-1,20,199,0x14CA,,0,0,0,,0x00000000,0x0000
284,Merchant Courier,-1,136,1,4,10,131,-1,-1,-1,-1,-1,1,-1,-1,0,0,-1,-1,3000,100,-1,-1,20,199,0x14CA,,0,0,0,,0x00000000,0x0000
285,Merchant Courier,-1,136,1,4,10,131,-1,-1,-1,-1,-1,1,-1,-1,0,0,-1,-1,3000,100,-1,-1,20,199,0x14CA,,0,0,0,,0x00000000,0x0000
286,Merchant Courier,-1,136,1,4,10,131,-1,-1,-1,-1,-1,1,-1,-1,0,0,-1,-1,3000,100,-1,-1,20,199,0x14CA,,0,0,0,,0x00000000,0x0000
287,Merchant Courier,-1,136,1,4,10,131,-1,-1,-1,-1,-1,1,-1,-1,0,0,-1,-1,3000,100,-1,-1,20,199,0x14CA,,0,0,0,,0x00000000,0x0000
288,Derelict Freighter,9999,141,3,1,5,130,-1,-1,-1,-1,0,0,0,0,0,0,0,0,25640,150,-1,-1,-1,201,0x1700,,0,0,0,,0x00000000,0x0000
289,S.S. Mulligan,-1,136,1,4,10,129,133,134,-1,-1,-1,1,-1,-1,0,0,-1,-1,3000,120,-1,-1,21,202,0x1C8B,,0,0,0,,0x00000000,0x0000
290,S.S. Electra,-1,136,1,4,10,129,133,134,-1,-1,-1,1,-1,-1,0,0,-1,-1,3000,120,-1,-1,21,202,0x1C8B,,0,0,0,,0x00000000,0x0000
291,S.S. Hannibal,-1,136,1,4,10,129,133,134,-1,-1,-1,1,-1,-1,0,0,-1,-1,3000,120,-1,-1,21,202,0x1C8B,,0,0,0,,0x00000000,0x0000
292,S.S. Balboa,-1,136,1,4,10,129,133,134,-1,-1,-1,1,-1,-1,0,0,-1,-1,3000,120,-1,-1,21,202,0x1C8B,,0,0,0,,0x00000000,0x0000
293,S.S. Isabella,-1,136,1,4,10,129,133,134,-1,-1,-1,1,-1,-1,0,0,-1,-1,3000,120,-1,-1,21,202,0x1C8B,,0,0,0,,0x00000000,0x0000
294,S.S. Diebold,-1,136,1,4,10,129,133,134,-1,-1,-1,1,-1,-1,0,0,-1,-1,3000,120,-1,-1,21,202,0x1C8B,,0,0,0,,0x00000000,0x0000
295,S.S. Theseus,-1,136,1,4,10,129,133,134,-1,-1,-1,1,-1,-1,0,0,-1,-1,3000,120,-1,-1,21,202,0x1C8B,,0,0,0,,0x00000000,0x0000
296,S.S. Rowland,-1,136,1,4,10,129,133,134,-1,-1,-1,1,-1,-1,0,0,-1,-1,3000,120,-1,-1,21,202,0x1C8B,,0,0,0,,0x00000000,0x0000
297,S.S. Nelson,-1,136,1,4,10,129,133,134,-1,-1,-1,1,-1,-1,0,0,-1,-1,3000,120,-1,-1,21,202,0x1C8B,,0,0,0,,0x00000000,0x0000
298,S.S. Farlander,-1,136,1,4,10,129,133,134,-1,-1,-1,1,-1,-1,0,0,-1,-1,3000,120,-1,-1,21,202,0x1C8B,,0,0,0,,0x00000000,0x0000
299,S.S. Tikopai,-1,136,1,4,10,129,133,134,-1,-1,-1,1,-1,-1,0,0,-1,-1,3000,120,-1,-1,21,202,0x1C8B,,0,0,0,,0x00000000,0x0000
300,S.S. Casper,-1,136,1,4,10,129,133,134,-1,-1,-1,1,-1,-1,0,0,-1,-1,3000,120,-1,-1,21,202,0x1C8B,,0,0,0,,0x00000000,0x0000
301,S.S. Addison,-1,136,1,4,10,129,133,134,-1,-1,-1,1,-1,-1,0,0,-1,-1,3000,120,-1,-1,21,202,0x1C8B,,0,0,0,,0x00000000,0x0000
302,S.S. Carter,-1,136,1,4,10,129,133,134,-1,-1,-1,1,-1,-1,0,0,-1,-1,3000,120,-1,-1,21,202,0x1C8B,,0,0,0,,0x00000000,0x0000
303,S.S. Aquilla,-1,136,1,4,10,129,133,134,-1,-1,-1,1,-1,-1,0,0,-1,-1,3000,120,-1,-1,21,202,0x1C8B,,0,0,0,,0x00000000,0x0000
304,Starbound Flight 93,-1,138,2,4,1,131,-1,-1,-1,-1,0,0,0,0,0,0,0,0,25000,150,-1,-1,-1,-1,0x0000,,0,0,0,,0x00000000,0x0000
305,Starbound Flight 73,-1,138,2,4,1,131,-1,-1,-1,-1,0,0,0,0,0,0,0,0,25000,150,-1,-1,-1,-1,0x0000,,0,0,0,,0x00000000,0x0000
306,Starbound Flight 129,-1,138,2,4,1,131,-1,-1,-1,-1,0,0,0,0,0,0,0,0,25000,150,-1,-1,-1,-1,0x0000,,0,0,0,,0x00000000,0x0000
307,Starbound Flight 25,-1,138,2,4,1,131,-1,-1,-1,-1,0,0,0,0,0,0,0,0,25000,150,-1,-1,-1,-1,0x0000,,0,0,0,,0x00000000,0x0000
308,Starbound Flight 115,-1,138,2,4,1,131,-1,-1,-1,-1,0,0,0,0,0,0,0,0,25000,150,-1,-1,-1,-1,0x0000,,0,0,0,,0x00000000,0x0000
309,Starbound Flight 206,-1,138,2,4,1,131,-1,-1,-1,-1,0,0,0,0,0,0,0,0,25000,150,-1,-1,-1,-1,0x0000,,0,0,0,,0x00000000,0x0000
310,Starbound Flight 305,-1,138,2,4,1,131,-1,-1,-1,-1,0,0,0,0,0,0,0,0,25000,150,-1,-1,-1,-1,0x0000,,0,0,0,,0x00000000,0x0000
311,Starbound Flight 52,-1,138,2,4,1,131,-1,-1,-1,-1,0,0,0,0,0,0,0,0,25000,150,-1,-1,-1,-1,0x0000,,0,0,0,,0x00000000,0x0000
312,ConEx Flight 312,-1,139,2,4,1,131,-1,-1,-1,-1,0,0,0,0,0,0,0,0,25000,150,-1,-1,-1,-1,0x0000,,0,0,0,,0x00000000,0x0000
313,ConEx Flight 91,-1,139,2,4,1,131,-1,-1,-1,-1,0,0,0,0,0,0,0,0,25000,150,-1,-1,-1,-1,0x0000,,0,0,0,,0x00000000,0x0000
314,ConEx Flight 181,-1,139,2,4,1,131,-1,-1,-1,-1,0,0,0,0,0,0,0,0,25000,150,-1,-1,-1,-1,0x0000,,0,0,0,,0x00000000,0x0000
315,ConEx Flight 753,-1,139,2,4,1,131,-1,-1,-1,-1,0,0,0,0,0,0,0,0,25000,150,-1,-1,-1,-1,0x0000,,0,0,0,,0x00000000,0x0000
316,ConEx Flight 158,-1,139,2,4,1,131,-1,-1,-1,-1,0,0,0,0,0,0,0,0,25000,150,-1,-1,-1,-1,0x0000,,0,0,0,,0x00000000,0x0000
317,ConEx Flight 462,-1,139,2,4,1,131,-1,-1,-1,-1,0,0,0,0,0,0,0,0,25000,150,-1,-1,-1,-1,0x0000,,0,0,0,,0x00000000,0x0000
318,ConEx Flight 846,-1,139,2,4,1,131,-1,-1,-1,-1,0,0,0,0,0,0,0,0,25000,150,-1,-1,-1,-1,0x0000,,0,0,0,,0x00000000,0x0000
319,ConEx Flight 351,-1,139,2,4,1,131,-1,-1,-1,-1,0,0,0,0,0,0,0,0,25000,150,-1,-1,-1,-1,0x0000,,0,0,0,,0x00000000,0x0000
320,UGE Flight 750,-1,142,2,4,1,131,-1,-1,-1,-1,0,0,0,0,0,0,0,0,25000,150,-1,-1,-1,-1,0x0000,,0,0,0,,0x00000000,0x0000
321,UGE Flight 160,-1,142,2,4,1,131,-1,-1,-1,-1,0,0,0,0,0,0,0,0,25000,150,-1,-1,-1,-1,0x0000,,0,0,0,,0x00000000,0x0000
322,UGE Flight 45,-1,142,2,4,1,131,-1,-1,-1,-1,0,0,0,0,0,0,0,0,25000,150,-1,-1,-1,-1,0x0000,,0,0,0,,0x00000000,0x0000
323,UGE Flight 323,-1,142,2,4,1,131,-1,-1,-1,-1,0,0,0,0,0,0,0,0,25000,150,-1,-1,-1,-1,0x0000,,0,0,0,,0x00000000,0x0000
324,UGE Flight 155,-1,142,2,4,1,131,-1,-1,-1,-1,0,0,0,0,0,0,0,0,25000,150,-1,-1,-1,-1,0x0000,,0,0,0,,0x00000000,0x0000
325,UGE Flight 250,-1,142,2,4,1,131,-1,-1,-1,-1,0,0,0,0,0,0,0,0,25000,150,-1,-1,-1,-1,0x0000,,0,0,0,,0x00000000,0x0000
326,UGE Flight 196,-1,142,2,4,1,131,-1,-1,-1,-1,0,0,0,0,0,0,0,0,25000,150,-1,-1,-1,-1,0x0000,,0,0,0,,0x00000000,0x0000
327,UGE Flight 978,-1,142,2,4,1,131,-1,-1,-1,-1,0,0,0,0,0,0,0,0,25000,150,-1,-1,-1,-1,0x0000,,0,0,0,,0x00000000,0x0000
328,Alien Fighter,20000,150,3,4,0,149,-1,-1,-1,-1,0,0,0,0,0,0,0,0,0,100,61,-1,-1,-1,0x0003,,0,0,0,,0x00000000,0x0000
329,Alien Fighter,20000,150,3,4,0,149,-1,-1,-1,-1,0,0,0,0,0,0,0,0,0,100,61,-1,-1,-1,0x0003,,0,0,0,,0x00000000,0x0000
330,Alien Fighter,20000,150,3,4,0,149,-1,-1,-1,-1,0,0,0,0,0,0,0,0,0,100,61,-1,-1,-1,0x0003,,0,0,0,,0x00000000,0x0000
331,Alien Fighter,20000,150,3,4,0,149,-1,-1,-1,-1,0,0,0,0,0,0,0,0,0,100,61,-1,-1,-1,0x0003,,0,0,0,,0x00000000,0x0000
332,Alien Fighter,20000,150,3,4,0,149,-1,-1,-1,-1,0,0,0,0,0,0,0,0,0,100,61,-1,-1,-1,0x0003,,0,0,0,,0x00000000,0x0000
333,Alien Fighter,20000,150,3,4,0,149,-1,-1,-1,-1,0,0,0,0,0,0,0,0,0,100,61,-1,-1,-1,0x0003,,0,0,0,,0x00000000,0x0000
334,Alien Fighter,20000,150,3,4,0,149,-1,-1,-1,-1,0,0,0,0,0,0,0,0,0,100,61,-1,-1,-1,0x0003,,0,0,0,,0x00000000,0x0000
335,Alien Fighter,20000,150,3,4,0,149,-1,-1,-1,-1,0,0,0,0,0,0,0,0,0,100,61,-1,-1,-1,0x0003,,0,0,0,,0x00000000,0x0000
336,Alien Fighter,20000,150,3,4,0,149,-1,-1,-1,-1,0,0,0,0,0,0,0,0,0,100,61,-1,-1,-1,0x0003,,0,0,0,,0x00000000,0x0000
337,Alien Fighter,20000,150,3,4,0,149,-1,-1,-1,-1,0,0,0,0,0,0,0,0,0,100,61,-1,-1,-1,0x0003,,0,0,0,,0x00000000,0x0000
338,Escort Carrier,-1,153,3,4,25,153,-1,-1,-1,-1,-1,-1,-1,-1,-1,-1,-1,-1,25000,100,114,-1,-1,-1,0x0002,,0,0,0,,0x00000000,0x0000
339,Escort Carrier,-1,153,3,4,25,153,-1,-1,-1,-1,-1,-1,-1,-1,-1,-1,-1,-1,25000,100,114,-1,-1,-1,0x0002,,0,0,0,,0x00000000,0x0000
340,Escort Carrier,-1,153,3,4,25,153,-1,-1,-1,-1,-1,-1,-1,-1,-1,-1,-1,-1,25000,100,114,-1,-1,-1,0x0002,,0,0,0,,0x00000000,0x0000
341,Escort Carrier,-1,153,3,4,25,153,-1,-1,-1,-1,-1,-1,-1,-1,-1,-1,-1,-1,25000,100,114,-1,-1,-1,0x0002,,0,0,0,,0x00000000,0x0000
342,Escort Carrier,-1,153,3,4,25,153,-1,-1,-1,-1,-1,-1,-1,-1,-1,-1,-1,-1,25000,100,114,-1,-1,-1,0x0002,,0,0,0,,0x00000000,0x0000
343,Escort Carrier,-1,153,3,4,25,153,-1,-1,-1,-1,-1,-1,-1,-1,-1,-1,-1,-1,25000,100,114,-1,-1,-1,0x0002,,0,0,0,,0x00000000,0x0000
344,Escort Carrier,-1,153,3,4,25,153,-1,-1,-1,-1,-1,-1,-1,-1,-1,-1,-1,-1,25000,100,114,-1,-1,-1,0x0002,,0,0,0,,0x00000000,0x0000
345,Escort Carrier,-1,153,3,4,25,153,-1,-1,-1,-1,-1,-1,-1,-1,-1,-1,-1,-1,25000,100,114,-1,-1,-1,0x0002,,0,0,0,,0x00000000,0x0000
638,Bounty Hunter,-32000,-1,3,3,50,143,-1,-1,-1,-1,-1,-1,-1,-1,-1,-1,-1,-1,1000,100,-1,-1,22,-1,0x0080,,0,0,0,,0x00000000,0x0000
639,Cap'n Hector,-1,-1,3,4,-1,136,-1,-1,-1,-1,0,0,0,0,0,0,0,0,0,200,-1,8,-1,-1,0x0002,,0,0,0,,0x00000000,0x0000